60min,Year,JulianDay,Air Temp(¡É),RH(%),Wind Dir(Deg),Wind Spd<m/s),Solar Rad(W/§³),Pressure(hPa),Visibility(km),Rain(mm)
200,2010,1,-0.581,86.4,2.987,40.58,-7.46,67.59,0.388,0
200,2010,2,2.596,87.2,5.062,66.05,-2.197,78.7,0.802,0
200,2010,3,-0.446,85.6,4.512,29.21,-4.17,58.21,0.938,0
200,2010,4,0.367,95.2,5.762,43.83,-3.434,82.3,0.552,0
200,2010,5,-3.815,91.4,4.987,61.51,-6.507,78.8,0.994,0
200,2010,6,-4.897,92,4.425,55.56,-10.26,78,0.494,0.3
200,2010,7,-3.344,89.8,3.425,49.24,-8.54,73.6,0.375,0.6
200,2010,8,-1.325,93.2,3.075,54.51,-9.45,80.2,0.312,0.2
200,2010,9,-2.394,93.7,2.337,69.53,-7.14,86,0.101,0
200,2010,10,0.095,95,3.287,65.42,-5.367,86.3,0.129,0.4
200,2010,11,-0.176,95.2,4.5,59.71,-4.22,81.1,0.547,0.3
200,2010,12,-4.018,83.6,5.55,27.05,-6.845,61.87,0.945,0
200,2010,13,-7.4,89.8,4.7,53.77,-11.51,70.8,0.798,0
200,2010,14,-3.003,90.4,3.05,52.72,-10.5,75.9,0.395,0
200,2010,15,0.433,89.5,3.4,60.85,-4.885,77.8,0.274,1
200,2010,16,0.365,91.3,3.475,25.02,-6.87,64.25,0.375,1.4
200,2010,17,2.39,90.4,2.912,26.94,-6.172,65.34,0.326,0.9
200,2010,18,4.688,92.7,2.725,50.37,-3.326,74.2,0.267,1.3
200,2010,19,6.367,95,2.937,52.45,0.322,75.3,0.195,0
200,2010,20,8.39,96.5,4.25,63.66,5.069,92.9,0.073,17
200,2010,21,5.691,97,5.9,47.46,-1.41,70.3,1.316,4.7
200,2010,22,-0.581,82.4,3.962,31.76,-4.906,62.9,0.565,0
200,2010,23,0.5,94.1,5.45,45.98,-4.928,72.5,0.693,0
200,2010,24,3.809,93.9,6,55.81,-1.416,77,0.901,0
200,2010,25,2.596,89.6,6.662,27.32,-0.594,59.75,1.896,0
200,2010,26,3.13,84.7,3.612,35.6,-4.298,58.27,0.616,0
200,2010,27,3.678,96.8,2.875,52.7,-2.328,84.9,0.322,5.8
200,2010,28,4.948,96.3,5.875,35.52,2.329,69.64,1.239,0
200,2010,29,4.55,82.3,7.21,33.29,-1.455,63.55,1.099,0
200,2010,30,6.505,94.8,3.775,35.28,-0.624,76.7,0.292,0
200,2010,31,8.6,96.4,2.437,47.48,0.981,81.8,0.222,0
200,2010,32,4.479,96.6,5.237,63.48,0.889,83.3,0.839,0
200,2010,33,-1.109,70.8,7.66,17.86,-4.163,42.05,2.222,0
200,2010,34,-3.747,79.1,8.22,20.83,-7.55,46.05,1.6,0
200,2010,35,1.109,89.8,5.2,28.9,-5.031,61.94,0.995,0
200,2010,36,0.906,72.4,4.412,27.89,-3.248,48.31,1.23,0
200,2010,37,2.523,86.3,4.35,19.68,-4.983,50.77,0.551,0
200,2010,38,6.976,87.7,3.125,14.67,-1.406,47.25,0.3,0
200,2010,39,3.746,96.6,1.95,27.69,2.421,68.88,0.083,2.2
200,2010,40,4.555,97.4,1.062,96.5,3.488,97,0.012,6.9
200,2010,41,4.757,97,2.662,94.8,4.069,96.3,0.16,5.9
200,2010,42,4.084,97.5,2.012,85.8,1.199,95.5,0.241,11.6
200,2010,43,3.205,97.5,2.875,66.73,0.492,90,0.104,5.8
200,2010,44,1.176,94.9,4.45,44.9,-1.423,70.4,0.527,1.1
200,2010,45,0.297,94.7,2.912,39.35,-2.925,72.1,0.268,0
200,2010,46,2.191,93.1,5.3,28.53,-2.944,63.4,0.952,0
200,2010,47,1.778,86,4.837,27.55,-3.791,56.14,1.023,0
200,2010,48,1.041,89.7,5.225,28.8,-3.306,57.34,0.513,0
200,2010,49,-0.311,95.8,8.79,25.83,-2.317,61.82,2.202,0.9
200,2010,50,5.015,92.8,5.737,23.79,-1.559,58.71,0.956,0.4
200,2010,51,9.81,84.6,4.387,33.69,1.724,61.05,0.525,0
200,2010,52,11.63,94.9,4.6,32.87,3.197,65.56,0.779,0
200,2010,53,12.57,94.5,3.887,28.52,4.11,69.99,0.421,0
200,2010,54,17.43,93.4,3.825,19.8,5.743,60.95,0.593,0
200,2010,55,19.32,94.2,4.487,27.6,10.07,61.12,0.607,0
200,2010,56,16.77,95.2,4.425,58.69,13.96,87.5,0.675,31.8
200,2010,57,13.53,96.1,3.2,74.6,10.68,88.8,0.623,0.2
200,2010,58,9.61,91.4,6.212,57.18,5.831,76.3,0.906,0.8
200,2010,59,11.84,95.8,2.975,54.61,5.762,80.9,0.407,0
200,2010,60,6.985,95.5,3.525,71.2,4.182,91.7,1.071,23.6
200,2010,61,5.497,94.8,4.712,72.8,3.496,84.6,0.384,0.2
200,2010,62,12.78,96,4.175,27,4.387,67.24,0.637,0.1
200,2010,63,6.983,95,2.4,60.98,5.566,81,0.417,1.4
200,2010,64,8.39,95.2,2.5,72.1,5.876,89.4,0.231,6.4
200,2010,65,7.99,95.4,2.475,69.43,5.173,82.8,0.28,0.4
200,2010,66,7.58,79.7,5,47.41,4.297,64.02,0.613,0
200,2010,67,7.58,80.6,5.912,37.07,2.893,58.16,0.703,0
200,2010,68,3.744,97.2,3,54.56,1.4,84,0.465,2.7
200,2010,69,0.162,97.2,4.05,74.9,-1.648,91.3,0.346,9.8
200,2010,70,6.908,95.7,4.95,46.03,1.096,73.4,0.864,4.4
200,2010,71,13.73,80.4,9.39,50.73,7.26,66.19,2.594,0
200,2010,72,9.88,64.4,3.85,21.02,3.906,41.02,1.038,0
200,2010,73,12.45,80,3.987,32.41,6.731,58.48,1.039,0.1
200,2010,74,11.71,95.2,5.737,37.73,8.76,77.2,1.219,8.7
200,2010,75,5.023,63.86,7.45,25.08,2.057,44.52,2.497,0
200,2010,76,4.076,96.2,4.012,22.88,-0.32,68.93,0.724,0
200,2010,77,4.482,97.3,5.75,31.4,0.289,67.24,1.226,7.6
200,2010,78,12.98,92.1,5.962,24.81,3.315,61.07,0.672,0
200,2010,79,18.86,87.6,8.01,56.09,8.33,73.2,1.906,0.6
200,2010,80,7.85,76.1,8.66,22.03,3.617,42.76,2.625,0
200,2010,81,5.362,87.2,2.787,52.66,2.069,73.3,0.575,0
200,2010,82,12.1,90.9,3.862,44.27,5.909,73.6,0.742,0
200,2010,83,14.46,90.8,4.712,28.51,8.68,57.04,0.818,0
200,2010,84,9.75,75.6,7.52,19.37,6.179,51.58,2.09,0
200,2010,85,7.72,73.7,8.27,17.07,2.638,39.05,2.209,0
200,2010,86,9.81,82,6.925,51.64,5.768,67.57,1.93,0
200,2010,87,10.02,79.2,6.112,17.78,5.971,47.06,1.9,0
200,2010,88,12.51,75,6.912,19.33,4.896,43.01,1.496,0
200,2010,89,13.65,84.8,3.937,25.71,6.948,53.85,0.767,0
200,2010,90,9.27,95.8,1.9,48.8,7.93,86.8,0.181,24.5
200,2010,91,9.75,96.6,6.237,59.97,7.95,90.4,0.772,11.2
200,2010,92,12.37,85.9,8.25,14.29,5.883,50.23,1.969,0
200,2010,93,10.89,63.44,6.4,12.57,5.112,33.16,1.537,0
200,2010,94,18.04,80.8,4.987,12.7,6.843,45.75,0.937,0
200,2010,95,18.31,91.8,5.825,35.88,10.26,62.65,0.956,0
200,2010,96,11.98,85.7,7.19,31.67,8.73,64.52,1.79,0
200,2010,97,13.45,82.8,4.687,25.61,6.241,47.73,1.053,0
200,2010,98,18.38,88,4.412,13.51,8.2,49.97,0.971,0
200,2010,99,20.07,85.8,4.925,14.97,10.83,51.29,0.708,0
200,2010,100,16.42,85.7,4.862,36.26,10.34,67.77,0.819,0
200,2010,101,17.91,92.6,6.35,38.31,12.04,62.67,1.245,0
200,2010,102,17.3,94.4,4.987,40.98,12.77,63.21,1.056,2.8
200,2010,103,10.49,94.5,8.39,26.19,5.897,54.77,3.438,2.5
200,2010,104,6.637,76.5,6.012,20.28,3.683,37.77,2.181,0
200,2010,105,12.77,93.8,4.862,13.68,5.357,49.34,1.316,0
200,2010,106,14.2,83.4,5.762,24.6,6.423,48.3,1.06,0
200,2010,107,15.14,85,6.437,16.02,7.34,52.92,1.083,0
200,2010,108,16.89,92.8,3.687,22.57,10.16,60.42,0.794,0
200,2010,109,21.15,75,4.725,36.22,15.53,54.12,1.001,0
200,2010,110,23.5,91.7,6.55,41.04,15.99,67.73,1.204,0
200,2010,111,18.45,95.1,6.15,37.26,13.1,70.9,0.975,5.4
200,2010,112,12.79,93.3,4.612,58.3,9.93,74.6,0.276,5.4
200,2010,113,15.34,94.3,8.04,30,10.14,72.3,0.994,1.7
200,2010,114,18.04,95.5,5.487,20.88,9.82,60.45,1.069,0.1
200,2010,115,21.28,89.8,4.8,15.81,11.9,45.36,0.883,0
200,2010,103,10.49,94.5,8.39,26.19,5.897,54.77,3.438,2.5
200,2010,104,6.637,76.5,6.012,20.28,3.683,37.77,2.181,0
200,2010,105,12.77,93.8,4.862,13.68,5.357,49.34,1.316,0
200,2010,106,14.2,83.4,5.762,24.6,6.423,48.3,1.06,0
200,2010,107,15.14,85,6.437,16.02,7.34,52.92,1.083,0
200,2010,108,16.89,92.8,3.687,22.57,10.16,60.42,0.794,0
200,2010,109,21.15,75,4.725,36.22,15.53,54.12,1.001,0
200,2010,110,23.5,91.7,6.55,41.04,15.99,67.73,1.204,0
200,2010,111,18.45,95.1,6.15,37.26,13.1,70.9,0.975,5.4
200,2010,112,12.79,93.3,4.612,58.3,9.93,74.6,0.276,5.4
200,2010,113,15.34,94.3,8.04,30,10.14,72.3,0.994,1.7
200,2010,114,18.04,95.5,5.487,20.88,9.82,60.45,1.069,0.1
200,2010,115,21.28,89.8,4.8,15.81,11.9,45.36,0.883,0
200,2010,116,17.97,94.4,4.1,25.91,11.75,66.55,0.828,23.5
200,2010,117,12.25,94.8,9.2,34.17,9,71,2.652,2
200,2010,118,7.86,92.4,8.67,55.44,5.064,78.3,2.205,9.5
200,2010,119,14.4,89.4,7.94,26.52,9.16,57.35,2.893,0.5
200,2010,120,15.95,89.8,7,30.95,10.45,59.82,2.017,0
200,2010,121,19.59,93.6,6.012,24.29,10.94,56.37,1.598,0
200,2010,122,25.8,85,5.787,23.98,15.89,52.47,1.295,0
200,2010,123,24.79,82.8,8.25,58.37,20.29,69.78,2.617,0
200,2010,124,27.15,93.4,5.537,33.85,20.54,67.43,1.047,0
200,2010,125,26.88,93.4,7.09,23.65,20.67,57.77,1.77,0
200,2010,126,21.62,93.9,6.575,51.82,16.76,77.5,2.582,3.6
200,2010,127,22.9,91.2,5.612,24.7,14.85,54.36,1.856,0
200,2010,128,25.06,88.2,4.95,25.03,16.48,53.43,1.043,0
200,2010,129,26.95,89.3,3.975,22.06,18.52,54.62,0.797,0
200,2010,130,22.09,70.5,5.912,17.06,17.23,43.87,1.394,0
200,2010,131,21.62,85.8,6.5,23.61,13.88,54.22,1.173,0
200,2010,132,20.41,93.6,5.662,31.82,13.23,66.5,1.297,0
200,2010,133,22.09,93.6,5,29.32,14.65,60.62,0.806,0
200,2010,134,24.65,87,4.6,21.92,16.73,52.38,0.79,0
200,2010,135,22.36,90.7,4.25,30.44,15.66,61.63,0.739,0
200,2010,136,25.73,90.8,4.212,25.16,16.9,52.53,0.691,0
200,2010,137,28.43,93.9,4.05,24.82,19.14,58.04,0.879,12.4
200,2010,138,19.59,94.6,3.7,87.7,18.26,92,0.377,37.8
200,2010,139,24.38,94.1,4.4,50.9,19.47,79.4,0.964,2.5
200,2010,140,28.16,95.5,4.6,22.36,19.93,65.53,0.978,0
200,2010,141,31.06,94.3,3.1,19.22,21.3,60.05,0.697,0
200,2010,142,24.05,93.5,5.35,32.54,18.37,67.73,0.896,15.2
200,2010,143,17.03,95.1,2.287,91.6,15.4,94.2,0.173,25
200,2010,144,15.75,94.6,5.012,77,14.43,87.9,1.241,2.3
200,2010,145,17.36,93.7,3.462,74.8,14.97,86.2,0.6,0.1
200,2010,146,21.96,93.6,4.25,43.21,16.73,70.7,0.823,0.1
200,2010,147,23.71,86.3,3.65,36.24,16.42,58.71,0.833,0
200,2010,148,21.08,90.3,3.087,52.6,16.11,74.7,0.461,0
200,2010,149,25.66,92.7,3.612,28.81,18.87,65.17,0.717,0
200,2010,150,25.12,80.8,4.575,22.46,18.83,46.57,0.959,0
200,2010,151,23.1,81.4,3.562,24.08,17.64,44.46,0.746,0
200,2010,152,24.38,73.5,4.362,31.38,17.62,48.17,0.916,0
200,2010,153,27.08,91.8,3.45,32.7,19.42,59.6,0.742,0
200,2010,154,27.75,89.2,4.637,34.65,20.72,61.35,0.81,0
200,2010,155,28.16,89.4,5.025,32.63,21.04,59.01,0.888,0
200,2010,156,28.91,88.3,4,27.6,21.38,53.95,0.712,0
200,2010,157,30.45,81.3,3.525,34.96,22.66,55.38,0.58,0
200,2010,158,30.53,89.8,4.062,17.67,23.82,48.54,0.755,0
200,2010,159,29.18,75.7,5.45,26.95,22.48,43.48,0.795,0
200,2010,160,31.81,87.9,3.137,27.43,23.34,54.2,0.461,0
200,2010,161,31.95,88.7,2.5,20.74,23.93,55.51,0.381,0
200,2010,162,29.45,88.1,3.375,33.78,23.85,56.6,0.357,0
200,2010,163,23.58,93.5,2.6,59.29,20.38,81.6,0.443,9.2
200,2010,164,29.04,90.6,2.962,53.2,23.54,74.7,0.526,0
200,2010,165,27.15,93.2,3.262,63.33,22.88,82.7,0.727,0.4
200,2010,166,29.58,93.3,2.9,53.37,23.89,75.8,0.563,1.4
200,2010,167,27.96,90.5,3.425,54.62,23.15,73.9,1.064,0
200,2010,168,27.69,93.7,3.512,58.17,23.12,78.9,0.402,0
200,2010,169,30.93,91.7,3.925,41.81,25.49,69.31,0.628,0
200,2010,170,27.49,92.5,2.575,59.21,23.17,77,0.591,13.2
200,2010,171,26.95,93.5,3.4,58.54,22.85,82.2,0.749,7.8
200,2010,172,28.03,92.5,3.187,49.59,22.14,76.8,0.806,0
200,2010,173,28.7,94.8,4.275,29.08,22.16,64.13,0.669,0
200,2010,174,30.06,82.6,3.312,33,22.93,58.45,0.34,0
200,2010,175,31,91.4,2.737,29.72,22.87,64.05,0.312,0
200,2010,176,31.74,91.3,4.825,32.46,24.79,60.8,0.493,0
200,2010,177,27.56,92.8,2.55,58.82,22.91,79.4,0.167,2.6
200,2010,178,23.51,93.6,4.675,83.4,22.28,89.7,1.036,4
200,2010,179,29.58,94.8,2.637,50.03,23.24,79.2,0.401,0
200,2010,180,29.65,94.1,2.612,52.15,23.52,78.9,0.202,0
200,2010,181,26.41,92.5,2.512,70.2,23.57,83.8,0.135,0.1
200,2010,182,26.54,92.7,2.3,78.5,24.16,87.1,0.179,0
200,2010,183,27.22,93.9,3.762,77.3,24.86,90.2,0.399,17.2
200,2010,184,28.5,94.3,3.2,72.6,25.07,89.9,0.357,2.6
200,2010,185,29.11,94.3,1.937,67.39,25,86.7,0.086,0.5
200,2010,186,30.93,92.3,2.975,60.49,25.78,81.4,0.445,0
200,2010,187,31.74,94.2,4.387,32.56,25.69,72.3,0.88,0
200,2010,188,30.73,88.2,4.162,42.8,25.66,67.54,0.838,0
200,2010,189,29.25,92,2.787,48.71,23.87,74.9,0.376,0.9
200,2010,190,31,94.6,2.475,40.33,24.41,71.5,0.287,0.4
200,2010,191,31,92.7,2.012,53.54,24.92,74.5,0.172,0
200,2010,192,25.74,93.7,2.137,63.28,22.17,85.4,0.151,15.3
200,2010,193,28.5,92.1,2.937,57.32,23.96,76.3,0.368,0
200,2010,194,29.11,92.1,3.062,52.83,24.36,74.6,0.404,0
200,2010,195,30.86,93.1,2.7,49.31,24.47,75.2,0.317,0.1
200,2010,196,31.67,93.4,3.325,48.71,25.51,74.3,0.363,0.8
200,2010,197,27.97,92.7,4.025,70.1,24.45,83.5,0.35,31.7
200,2010,198,26.01,93.5,3.075,79.1,24.43,90.4,0.269,45.7
200,2010,199,31.34,90.3,5.762,56.58,27.25,72.9,1.526,0
200,2010,200,32.69,91.1,4.8,52.32,27.47,71.6,1.098,0
200,2010,201,33.43,93.4,4.112,51.78,27.84,72.8,0.46,0
200,2010,202,32.42,81.9,5.212,54.11,28.32,68.08,1.402,0
200,2010,203,32.62,89.6,4.35,51.95,27.92,73.1,1.407,0
200,2010,204,30.06,94,4.012,63.44,24.33,85.2,0.716,36.3
200,2010,205,29.38,94.6,2.662,66.1,24.51,86.5,0.214,1.3
200,2010,206,29.45,94,3.8,61.31,25,83.5,0.586,0
200,2010,207,30.46,93.2,3.85,59.04,25.95,79.3,0.691,0
200,2010,208,32.76,94.1,5.462,49.11,25.87,79,0.509,12.5
200,2010,209,28.1,94.6,2.475,71.7,23.81,86.9,0.053,0.7
200,2010,210,31.74,93.6,2.575,56.88,26.45,80,0.324,0
200,2010,211,29.92,92.7,3.362,66.41,26.37,82.4,0.575,0
200,2010,212,30.66,93.6,3.6,66.71,26.66,82.2,0.768,0
200,2010,213,32.56,90.8,4.237,58.4,28.3,77.2,0.992,0
200,2010,214,32.22,91.8,3.587,67.43,27.75,81.1,0.762,0
200,2010,215,33.5,91.4,2.637,57.08,27.05,76.4,0.308,0.1
200,2010,216,34.31,93.3,3.337,55.26,28.93,79.3,0.436,1.1
200,2010,217,33.97,94.2,4.887,55.6,28.99,76.4,0.811,0.1
200,2010,218,30.27,93.2,4.987,72.3,26.75,87,0.447,8.1
200,2010,219,31.22,94.3,4.875,61.21,26.39,85.3,0.297,9.2
200,2010,220,33.58,94.5,2.575,41.65,27.14,75.5,0.339,0
200,2010,221,35.06,93.6,2.587,38.54,28.14,70.9,0.215,0
200,2010,222,30.81,94,2.837,67.5,26.08,87.8,0.141,20
200,2010,223,31.35,92.7,3.625,66.99,27.26,80.7,1.109,0.6
200,2010,224,31.01,93.6,2.8,59.42,25.95,80.5,0.497,3.4
200,2010,225,28.65,93.7,4.812,76.6,26.25,88.6,0.991,35.1
200,2010,226,27.57,85.5,1.562,84.3,27.37,84.8,0.383,0
200,2010,227,30.2,93.6,5.875,71.1,26.86,85.6,0.956,71
200,2010,228,26.89,94.6,2,74.5,23.76,91.4,0.169,10.5
200,2010,229,31.68,94.8,2.687,54.96,25.34,81.2,0.222,1.5
200,2010,230,33.5,94.3,3.187,54.28,27.42,81.4,0.491,3.7
200,2010,231,35.07,94.4,3.437,46.35,28.59,76.2,0.285,0
200,2010,232,34.12,92.3,2.787,46.55,28.32,77.5,0.35,0
200,2010,233,33.58,94.5,2.637,51.55,27.94,79.2,0.282,0
200,2010,234,33.31,94.5,4.075,46.86,28.15,76.7,0.568,0
200,2010,235,29.53,92.8,3.562,71.5,26.6,84.3,0.66,0.1
200,2010,236,28.85,94,6.037,72.6,25.14,89.2,0.432,28.1
200,2010,237,28.45,94.4,2.587,73.7,24.97,87.1,0.182,0.1
200,2010,238,27.91,94.1,1.512,74.9,24.42,90.1,0.029,12.3
200,2010,239,30.27,94.9,3.012,64.53,26.08,82.2,0.235,0
200,2010,240,29.19,89.3,4.1,67.13,26.33,79.7,0.698,6.5
200,2010,241,26.55,94.1,5.75,82.6,24.48,90.6,0.185,33.9
200,2010,242,28.78,94.7,0.225,68.31,24.75,89.5,0,2.2
200,2010,243,27.03,94.8,0.212,81.6,24.16,92.3,0,23.1
200,2010,244,32.3,95.2,4.55,57.94,26.16,83.4,0.252,10.8
200,2010,245,29.26,92.4,9.46,65.3,25.82,82.6,2.22,14.2
200,2010,246,32.84,94.6,2.812,55.88,26.68,83.2,0.333,2.4
200,2010,247,32.5,95.1,2.65,45.27,26.7,80.1,0.203,0.1
200,2010,248,33.45,94.8,6.5,53.31,25.41,84.9,0.294,41.1
200,2010,249,26.22,95.1,2.837,79.1,23.64,90.2,0.468,0.3
200,2010,250,28.38,90.5,3.212,56.05,24.27,81,0.656,0
200,2010,251,23.51,90,2.087,58.58,21.42,77.4,0.172,0
200,2010,252,24.73,93.9,1.887,72,22.43,85.7,0.167,0.2
200,2010,253,30.34,93.2,4.775,61.05,25.62,80.2,1.175,1.9
200,2010,254,25.95,94.7,5.212,82.7,23.66,91.6,0.581,78.9
200,2010,255,27.23,94.5,3.687,65.47,23.54,85.8,0.573,30.8
200,2010,256,28.72,95.1,3.737,52.2,22.8,80.8,0.289,0
200,2010,257,27.97,95.4,2.512,54.9,22.57,83.9,0.249,0
200,2010,258,30.07,95.4,2.462,33.18,22.31,75.4,0.333,0
200,2010,259,30.27,95.3,2.962,43.45,21.99,76.5,0.281,0
200,2010,260,30,95.1,3.4,29.39,22.08,74.3,0.189,0
200,2010,261,30.27,94.8,3.35,38.01,22.5,73.8,0.385,0
200,2010,262,24.19,94.5,1.625,77,20.39,90.2,0.109,3.2
200,2010,263,22.23,95.2,2.575,92.4,20.74,94.2,0.13,24.6
200,2010,264,30,95.5,6.612,64.32,24.63,84.9,1.798,8.9
200,2010,265,22.37,94.7,3.225,85.9,17.92,91.7,0.628,9.4
200,2010,266,22.64,95,3.525,40.24,16.89,76.9,0.717,0
200,2010,267,24.12,95.4,4.312,33.51,17.01,71.3,0.52,0
200,2010,268,23.78,94.6,3.55,36.82,16.83,71.7,0.588,0
200,2010,269,23.31,93.9,3.562,43.34,16.32,76.9,0.476,0
200,2010,270,25,96,2.625,35.1,16.3,81.7,0.381,0.1
200,2010,271,19.12,95.1,6.8,24.43,15.08,65.34,1.151,2.1
200,2010,272,19.66,95,2.175,41.42,12.1,76.8,0.247,0
200,2010,273,21.08,96.1,3.012,37.91,11.68,78.8,0.282,0
200,2010,274,20.95,96.2,2.625,48.07,12.89,83.4,0.274,0.1
200,2010,275,20.81,95.3,2.487,71.2,15.07,90.1,0.205,9.9
200,2010,276,22.57,95.3,5.475,40.81,18.67,77,1.347,2.5
200,2010,277,16.57,93.6,4.3,71.5,14.36,85.6,1.125,5.6
200,2010,278,18.58,94.6,3,53.75,14.12,82,0.248,0
200,2010,279,21.96,96.3,2.85,39.8,13.42,83.8,0.356,0.1
200,2010,280,23.65,96.2,2.862,45.61,14.61,83.7,0.325,0.1
200,2010,281,22.77,94.4,2.05,59.05,16.68,83.4,0.176,0.2
200,2010,282,24.59,94.3,3.65,47.36,18.2,79.4,0.389,0
200,2010,283,24.05,95.3,3.9,41.99,17.12,79.4,0.852,0
200,2010,284,20.14,95.9,2.75,72.6,15.36,90.4,0.332,0
200,2010,285,18.93,96.1,2.787,80.8,15.23,90.4,0.45,0.1
200,2010,286,19.12,94.9,2.375,60.57,14.33,84.2,0.204,0
200,2010,287,18.99,96.1,4.412,49.53,13.46,82,0.707,0.1
200,2010,288,17.57,93,6.137,24.16,12.69,59.63,1.186,0
200,2010,289,21.15,93.9,5.212,51.39,13.28,78.5,0.87,0.3
200,2010,290,22.23,96.2,2.875,43.34,13.59,78.9,0.4,0.1
200,2010,291,20.74,95.7,3.45,36.11,12.5,76.2,0.34,0
200,2010,292,23.04,95.1,2.3,41.35,13.7,77.7,0.29,0
200,2010,293,21.82,95.9,3.112,51.62,13.41,83.2,0.394,0
200,2010,294,21.28,96.1,3.325,58.14,13.81,82.6,0.397,0
200,2010,295,22.16,92.2,3.687,40.03,15.52,66.62,0.53,0
200,2010,296,20.88,90.2,5.1,49.22,14.82,72.6,0.468,0
200,2010,297,20.88,94.3,2.212,64.83,15.43,83.7,0.229,0
200,2010,298,13.94,96.1,6.787,33.71,10.79,65.97,1.946,0
200,2010,299,8.87,75.9,5.85,20.01,3.918,35.58,1.434,0
200,2010,300,12.59,93.2,3.725,35.42,4.125,64.03,0.657,0
200,2010,301,12.79,93.5,4.625,30.72,5.387,64.79,0.849,0
200,2010,302,17.57,96.6,3.95,28.96,7.2,66.15,0.625,0
200,2010,303,18.72,93.4,3.6,33.72,10.05,65.06,0.582,0
200,2010,304,16.89,88.3,3.825,34.63,9.8,67.42,0.688,0
200,2010,305,16.3,94.2,5.837,26.15,10.5,64.08,1.649,0
200,2010,306,10.42,80.9,5.987,29.06,6.786,49.97,1.747,0
200,2010,307,13.19,90.1,4.037,38.22,5.184,64.78,0.721,0
200,2010,308,15.96,96.7,4.312,41.26,7.54,76.6,0.845,0
200,2010,309,16.84,96.4,4.325,31.49,9.25,79.2,0.828,0
200,2010,310,17.16,93.5,2.925,53.55,10.57,80.9,0.446,0
200,2010,311,16.35,95.7,3.025,41.01,10.51,77.2,0.687,0
200,2010,312,11.45,91.6,8.04,39.54,8.62,65.37,2.29,3.2
200,2010,313,8.33,81.1,7.04,37.04,5.375,52.87,2.427,0
200,2010,314,11.03,87.5,3.35,36.67,3.885,59.57,0.474,0
200,2010,315,16.3,93.3,9.64,41.33,7.73,69.46,1.235,6.2
200,2010,316,14.75,79,6.025,26.26,9.99,49.67,1.534,0
200,2010,317,17.77,95.8,4.9,20.61,8.11,65.68,0.676,0
200,2010,318,10.83,86.5,4.825,24.61,7.89,49.71,1.732,0
200,2010,319,6.439,76.8,5.462,23.12,2.435,43.4,1.519,0
200,2010,320,9.41,91.2,3.762,35.11,1.365,66.02,0.415,0
200,2010,321,11.17,93,2.912,45.59,4.084,72.8,0.441,0
200,2010,322,11.44,97,2.6,37.34,3.114,78,0.323,0
200,2010,323,9.27,95.7,3.062,52.01,2.107,79.5,0.378,0
200,2010,324,15.02,95.9,2.925,41.26,4.818,74.7,0.367,0.1
200,2010,325,16.35,95.3,4.925,52.01,7.96,78,0.541,0
200,2010,326,11.17,93.1,7.3,25.25,7.34,60.31,1.749,0.2
200,2010,327,12.25,89.6,3.525,36.5,3.647,61.51,0.42,0
200,2010,328,13.19,91.1,3.75,44.24,6.164,68.87,0.672,0
200,2010,329,8.06,94,6.512,23.35,4.152,62.34,1.308,0.4
200,2010,330,6.105,83.5,6.512,13.62,0.67,47.66,0.704,0
200,2010,331,10.3,90.4,6.662,37.52,1.659,61.23,1.426,2.3
200,2010,332,3.137,66.52,5.262,26.91,-0.743,47.05,1.006,0
200,2010,333,7.18,96.5,2.675,59.82,1.479,88.6,0.235,2.9
200,2010,334,13.13,95.8,3.512,73.5,5.295,89.4,0.368,0.5
200,2010,335,15.09,95.9,2.187,48.25,7.66,83.5,0.318,0.1
200,2010,336,10.96,95.9,2.475,70.6,6.44,84.4,0.053,0.1
200,2010,337,9.48,86.3,10.52,24.58,3.34,51.37,2.838,0.7
200,2010,338,8.94,91.3,4.862,50.39,1.332,72.9,0.665,0
200,2010,339,13.8,94,5.15,58.33,6.566,76.9,0.747,0
200,2010,340,9.89,85.1,6.025,43.56,5.309,66.49,1.707,0
200,2010,341,3.611,83.4,4.187,27.62,-1.885,53.72,0.572,0
200,2010,342,4.084,96.2,4.45,56.25,-1.882,81,0.526,0.4
200,2010,343,3.408,80.8,5.025,30.59,-0.964,58,0.739,3.2
200,2010,344,10.56,90.5,6.95,31.31,2.25,67.96,1.369,0.8
200,2010,345,9.21,76,7.04,26.4,0.356,50.95,2.237,0
200,2010,346,2.867,83.6,2.675,26.51,-3.602,54.84,0.427,0
200,2010,347,3.813,93.4,2.45,45.08,1.563,83.4,0.466,6.9
200,2010,348,2.326,93.2,6.875,35.9,-1.047,68.12,1.982,0
200,2010,349,-5.844,79.6,5.575,34.04,-8.65,53.98,1.343,0
200,2010,350,-2.191,79,3.612,37.4,-7.64,56.37,0.439,0
200,2010,351,4.287,92.8,3.875,63.18,-1.119,77.4,0.819,1.6
200,2010,352,7.18,93.8,2.512,51.1,-0.213,76,0.42,0
200,2010,353,9.89,92,3.587,61.11,3.295,77.3,0.547,0
200,2010,354,9.54,95.9,3.175,40.45,3.589,78.9,0.276,0
200,2010,355,8.6,96,2.925,47.75,0.709,79.5,0.267,0.1
200,2010,356,8.73,95.4,1.987,48.44,1.266,78.2,0.114,0
200,2010,357,5.233,95.2,6.825,20.18,-0.085,65.82,1.667,0
200,2010,358,-5.368,88.1,6.55,30.51,-9.14,57.65,2.426,0
200,2010,359,-5.844,88.1,5.137,36.76,-9.76,63.69,0.732,0.1
200,2010,360,-4.288,92.8,3.1,46.57,-9.66,80.3,0.329,0.1
200,2010,361,2.664,92.1,4.187,63.32,-4.92,83.9,0.448,1.8
200,2010,362,1.717,96.7,5.112,79.9,-0.788,91.8,0.513,6.8
200,2010,363,0.297,93.9,2.462,58.96,-4.178,82.2,0.186,3.3
200,2010,364,-0.982,95.5,6.175,60.83,-4.192,80.6,1.366,1.8
200,2010,365,-4.491,91.8,6.162,44.71,-8.36,73,0.919,0.1
